{
  "name": "{{.ProjectName}}",
  "version": "0.0.0",
  "lockfileVersion": 3,
  "requires": true,
  "packages": {
    "": {
      "name": "guster",
      "version": "0.0.0",
      "devDependencies": {
        "@sveltejs/vite-plugin-svelte": "^2.4.5",
        "autoprefixer": "^10.4.15",
        "postcss": "^8.4.28",
        "svelte": "^4.2.0",
        "tailwindcss": "^3.3.3",
        "vite": "^4.4.9"
      }
    },
    "node_modules/@alloc/quick-lru": {
      "version": "5.2.0",
      "resolved": "https://registry.npmjs.org/@alloc/quick-lru/-/quick-lru-5.2.0.tgz",
      "integrity": "sha512-UrcABB+4bUrFABwbluTIBErXwvbsU/V7TZWfmbgJfbkwiBuziS9gxdODUyuiecfdGQ85jglMW6juS3+z5TsKLw==",
      "dev": true,
      "engines": {
        "node": ">=10"
      },
      "funding": {
        "url": "https://github.com/sponsors/sindresorhus"
      }
    },
    "node_modules/@ampproject/remapping": {
      "version": "2.2.1",
      "resolved": "https://registry.npmjs.org/@ampproject/remapping/-/remapping-2.2.1.tgz",
      "integrity": "sha512-lFMjJTrFL3j7L9yBxwYfCq2k6qqwHyzuUl/XBnif78PWTJYyL/dfowQHWE3sp6U6ZzqWiiIZnpTMO96zhkjwtg==",
      "dev": true,
      "dependencies": {
        "@jridgewell/gen-mapping": "^0.3.0",
        "@jridgewell/trace-mapping": "^0.3.9"
      },
      "engines": {
        "node": ">=6.0.0"
      }
    },
    "node_modules/@esbuild/android-arm": {
      "version": "0.18.20",
      "resolved": "https://registry.npmjs.org/@esbuild/android-arm/-/android-arm-0.18.20.tgz",
      "integrity": "sha512-fyi7TDI/ijKKNZTUJAQqiG5T7YjJXgnzkURqmGj13C6dCqckZBLdl4h7bkhHt/t0WP+zO9/zwroDvANaOqO5Sw==",
      "cpu": [
        "arm"
      ],
      "dev": true,
      "optional": true,
      "os": [
        "android"
      ],
      "engines": {
        "node": ">=12"
      }
    },
    "node_modules/@esbuild/android-arm64": {
      "version": "0.18.20",
      "resolved": "https://registry.npmjs.org/@esbuild/android-arm64/-/android-arm64-0.18.20.tgz",
      "integrity": "sha512-Nz4rJcchGDtENV0eMKUNa6L12zz2zBDXuhj/Vjh18zGqB44Bi7MBMSXjgunJgjRhCmKOjnPuZp4Mb6OKqtMHLQ==",
      "cpu": [
        "arm64"
      ],
      "dev": true,
      "optional": true,
      "os": [
        "android"
      ],
      "engines": {
        "node": ">=12"
      }
    },
    "node_modules/@esbuild/android-x64": {
      "version": "0.18.20",
      "resolved": "https://registry.npmjs.org/@esbuild/android-x64/-/android-x64-0.18.20.tgz",
      "integrity": "sha512-8GDdlePJA8D6zlZYJV/jnrRAi6rOiNaCC/JclcXpB+KIuvfBN4owLtgzY2bsxnx666XjJx2kDPUmnTtR8qKQUg==",
      "cpu": [
        "x64"
      ],
      "dev": true,
      "optional": true,
      "os": [
        "android"
      ],
      "engines": {
        "node": ">=12"
      }
    },
    "node_modules/@esbuild/darwin-arm64": {
      "version": "0.18.20",
      "resolved": "https://registry.npmjs.org/@esbuild/darwin-arm64/-/darwin-arm64-0.18.20.tgz",
      "integrity": "sha512-bxRHW5kHU38zS2lPTPOyuyTm+S+eobPUnTNkdJEfAddYgEcll4xkT8DB9d2008DtTbl7uJag2HuE5NZAZgnNEA==",
      "cpu": [
        "arm64"
      ],
      "dev": true,
      "optional": true,
      "os": [
        "darwin"
      ],
      "engines": {
        "node": ">=12"
      }
    },
    "node_modules/@esbuild/darwin-x64": {
      "version": "0.18.20",
      "resolved": "https://registry.npmjs.org/@esbuild/darwin-x64/-/darwin-x64-0.18.20.tgz",
      "integrity": "sha512-pc5gxlMDxzm513qPGbCbDukOdsGtKhfxD1zJKXjCCcU7ju50O7MeAZ8c4krSJcOIJGFR+qx21yMMVYwiQvyTyQ==",
      "cpu": [
        "x64"
      ],
      "dev": true,
      "optional": true,
      "os": [
        "darwin"
      ],
      "engines": {
        "node": ">=12"
      }
    },
    "node_modules/@esbuild/freebsd-arm64": {
      "version": "0.18.20",
      "resolved": "https://registry.npmjs.org/@esbuild/freebsd-arm64/-/freebsd-arm64-0.18.20.tgz",
      "integrity": "sha512-yqDQHy4QHevpMAaxhhIwYPMv1NECwOvIpGCZkECn8w2WFHXjEwrBn3CeNIYsibZ/iZEUemj++M26W3cNR5h+Tw==",
      "cpu": [
        "arm64"
      ],
      "dev": true,
      "optional": true,
      "os": [
        "freebsd"
      ],
      "engines": {
        "node": ">=12"
      }
    },
    "node_modules/@esbuild/freebsd-x64": {
      "version": "0.18.20",
      "resolved": "https://registry.npmjs.org/@esbuild/freebsd-x64/-/freebsd-x64-0.18.20.tgz",
      "integrity": "sha512-tgWRPPuQsd3RmBZwarGVHZQvtzfEBOreNuxEMKFcd5DaDn2PbBxfwLcj4+aenoh7ctXcbXmOQIn8HI6mCSw5MQ==",
      "cpu": [
        "x64"
      ],
      "dev": true,
      "optional": true,
      "os": [
        "freebsd"
      ],
      "engines": {
        "node": ">=12"
      }
    },
    "node_modules/@esbuild/linux-arm": {
      "version": "0.18.20",
      "resolved": "https://registry.npmjs.org/@esbuild/linux-arm/-/linux-arm-0.18.20.tgz",
      "integrity": "sha512-/5bHkMWnq1EgKr1V+Ybz3s1hWXok7mDFUMQ4cG10AfW3wL02PSZi5kFpYKrptDsgb2WAJIvRcDm+qIvXf/apvg==",
      "cpu": [
        "arm"
      ],
      "dev": true,
      "optional": true,
      "os": [
        "linux"
      ],
      "engines": {
        "node": ">=12"
      }
    },
    "node_modules/@esbuild/linux-arm64": {
      "version": "0.18.20",
      "resolved": "https://registry.npmjs.org/@esbuild/linux-arm64/-/linux-arm64-0.18.20.tgz",
      "integrity": "sha512-2YbscF+UL7SQAVIpnWvYwM+3LskyDmPhe31pE7/aoTMFKKzIc9lLbyGUpmmb8a8AixOL61sQ/mFh3jEjHYFvdA==",
      "cpu": [
        "arm64"
      ],
      "dev": true,
      "optional": true,
      "os": [
        "linux"
      ],
      "engines": {
        "node": ">=12"
      }
    },
    "node_modules/@esbuild/linux-ia32": {
      "version": "0.18.20",
      "resolved": "https://registry.npmjs.org/@esbuild/linux-ia32/-/linux-ia32-0.18.20.tgz",
      "integrity": "sha512-P4etWwq6IsReT0E1KHU40bOnzMHoH73aXp96Fs8TIT6z9Hu8G6+0SHSw9i2isWrD2nbx2qo5yUqACgdfVGx7TA==",
      "cpu": [
        "ia32"
      ],
      "dev": true,
      "optional": true,
      "os": [
        "linux"
      ],
      "engines": {
        "node": ">=12"
      }
    },
    "node_modules/@esbuild/linux-loong64": {
      "version": "0.18.20",
      "resolved": "https://registry.npmjs.org/@esbuild/linux-loong64/-/linux-loong64-0.18.20.tgz",
      "integrity": "sha512-nXW8nqBTrOpDLPgPY9uV+/1DjxoQ7DoB2N8eocyq8I9XuqJ7BiAMDMf9n1xZM9TgW0J8zrquIb/A7s3BJv7rjg==",
      "cpu": [
        "loong64"
      ],
      "dev": true,
      "optional": true,
      "os": [
        "linux"
      ],
      "engines": {
        "node": ">=12"
      }
    },
    "node_modules/@esbuild/linux-mips64el": {
      "version": "0.18.20",
      "resolved": "https://registry.npmjs.org/@esbuild/linux-mips64el/-/linux-mips64el-0.18.20.tgz",
      "integrity": "sha512-d5NeaXZcHp8PzYy5VnXV3VSd2D328Zb+9dEq5HE6bw6+N86JVPExrA6O68OPwobntbNJ0pzCpUFZTo3w0GyetQ==",
      "cpu": [
        "mips64el"
      ],
      "dev": true,
      "optional": true,
      "os": [
        "linux"
      ],
      "engines": {
        "node": ">=12"
      }
    },
    "node_modules/@esbuild/linux-ppc64": {
      "version": "0.18.20",
      "resolved": "https://registry.npmjs.org/@esbuild/linux-ppc64/-/linux-ppc64-0.18.20.tgz",
      "integrity": "sha512-WHPyeScRNcmANnLQkq6AfyXRFr5D6N2sKgkFo2FqguP44Nw2eyDlbTdZwd9GYk98DZG9QItIiTlFLHJHjxP3FA==",
      "cpu": [
        "ppc64"
      ],
      "dev": true,
      "optional": true,
      "os": [
        "linux"
      ],
      "engines": {
        "node": ">=12"
      }
    },
    "node_modules/@esbuild/linux-riscv64": {
      "version": "0.18.20",
      "resolved": "https://registry.npmjs.org/@esbuild/linux-riscv64/-/linux-riscv64-0.18.20.tgz",
      "integrity": "sha512-WSxo6h5ecI5XH34KC7w5veNnKkju3zBRLEQNY7mv5mtBmrP/MjNBCAlsM2u5hDBlS3NGcTQpoBvRzqBcRtpq1A==",
      "cpu": [
        "riscv64"
      ],
      "dev": true,
      "optional": true,
      "os": [
        "linux"
      ],
      "engines": {
        "node": ">=12"
      }
    },
    "node_modules/@esbuild/linux-s390x": {
      "version": "0.18.20",
      "resolved": "https://registry.npmjs.org/@esbuild/linux-s390x/-/linux-s390x-0.18.20.tgz",
      "integrity": "sha512-+8231GMs3mAEth6Ja1iK0a1sQ3ohfcpzpRLH8uuc5/KVDFneH6jtAJLFGafpzpMRO6DzJ6AvXKze9LfFMrIHVQ==",
      "cpu": [
        "s390x"
      ],
      "dev": true,
      "optional": true,
      "os": [
        "linux"
      ],
      "engines": {
        "node": ">=12"
      }
    },
    "node_modules/@esbuild/linux-x64": {
      "version": "0.18.20",
      "resolved": "https://registry.npmjs.org/@esbuild/linux-x64/-/linux-x64-0.18.20.tgz",
      "integrity": "sha512-UYqiqemphJcNsFEskc73jQ7B9jgwjWrSayxawS6UVFZGWrAAtkzjxSqnoclCXxWtfwLdzU+vTpcNYhpn43uP1w==",
      "cpu": [
        "x64"
      ],
      "dev": true,
      "optional": true,
      "os": [
        "linux"
      ],
      "engines": {
        "node": ">=12"
      }
    },
    "node_modules/@esbuild/netbsd-x64": {
      "version": "0.18.20",
      "resolved": "https://registry.npmjs.org/@esbuild/netbsd-x64/-/netbsd-x64-0.18.20.tgz",
      "integrity": "sha512-iO1c++VP6xUBUmltHZoMtCUdPlnPGdBom6IrO4gyKPFFVBKioIImVooR5I83nTew5UOYrk3gIJhbZh8X44y06A==",
      "cpu": [
        "x64"
      ],
      "dev": true,
      "optional": true,
      "os": [
        "netbsd"
      ],
      "engines": {
        "node": ">=12"
      }
    },
    "node_modules/@esbuild/openbsd-x64": {
      "version": "0.18.20",
      "resolved": "https://registry.npmjs.org/@esbuild/openbsd-x64/-/openbsd-x64-0.18.20.tgz",
      "integrity": "sha512-e5e4YSsuQfX4cxcygw/UCPIEP6wbIL+se3sxPdCiMbFLBWu0eiZOJ7WoD+ptCLrmjZBK1Wk7I6D/I3NglUGOxg==",
      "cpu": [
        "x64"
      ],
      "dev": true,
      "optional": true,
      "os": [
        "openbsd"
      ],
      "engines": {
        "node": ">=12"
      }
    },
    "node_modules/@esbuild/sunos-x64": {
      "version": "0.18.20",
      "resolved": "https://registry.npmjs.org/@esbuild/sunos-x64/-/sunos-x64-0.18.20.tgz",
      "integrity": "sha512-kDbFRFp0YpTQVVrqUd5FTYmWo45zGaXe0X8E1G/LKFC0v8x0vWrhOWSLITcCn63lmZIxfOMXtCfti/RxN/0wnQ==",
      "cpu": [
        "x64"
      ],
      "dev": true,
      "optional": true,
      "os": [
        "sunos"
      ],
      "engines": {
        "node": ">=12"
      }
    },
    "node_modules/@esbuild/win32-arm64": {
      "version": "0.18.20",
      "resolved": "https://registry.npmjs.org/@esbuild/win32-arm64/-/win32-arm64-0.18.20.tgz",
      "integrity": "sha512-ddYFR6ItYgoaq4v4JmQQaAI5s7npztfV4Ag6NrhiaW0RrnOXqBkgwZLofVTlq1daVTQNhtI5oieTvkRPfZrePg==",
      "cpu": [
        "arm64"
      ],
      "dev": true,
      "optional": true,
      "os": [
        "win32"
      ],
      "engines": {
        "node": ">=12"
      }
    },
    "node_modules/@esbuild/win32-ia32": {
      "version": "0.18.20",
      "resolved": "https://registry.npmjs.org/@esbuild/win32-ia32/-/win32-ia32-0.18.20.tgz",
      "integrity": "sha512-Wv7QBi3ID/rROT08SABTS7eV4hX26sVduqDOTe1MvGMjNd3EjOz4b7zeexIR62GTIEKrfJXKL9LFxTYgkyeu7g==",
      "cpu": [
        "ia32"
      ],
      "dev": true,
      "optional": true,
      "os": [
        "win32"
      ],
      "engines": {
        "node": ">=12"
      }
    },
    "node_modules/@esbuild/win32-x64": {
      "version": "0.18.20",
      "resolved": "https://registry.npmjs.org/@esbuild/win32-x64/-/win32-x64-0.18.20.tgz",
      "integrity": "sha512-kTdfRcSiDfQca/y9QIkng02avJ+NCaQvrMejlsB3RRv5sE9rRoeBPISaZpKxHELzRxZyLvNts1P27W3wV+8geQ==",
      "cpu": [
        "x64"
      ],
      "dev": true,
      "optional": true,
      "os": [
        "win32"
      ],
      "engines": {
        "node": ">=12"
      }
    },
    "node_modules/@jridgewell/gen-mapping": {
      "version": "0.3.3",
      "resolved": "https://registry.npmjs.org/@jridgewell/gen-mapping/-/gen-mapping-0.3.3.tgz",
      "integrity": "sha512-HLhSWOLRi875zjjMG/r+Nv0oCW8umGb0BgEhyX3dDX3egwZtB8PqLnjz3yedt8R5StBrzcg4aBpnh8UA9D1BoQ==",
      "dev": true,
      "dependencies": {
        "@jridgewell/set-array": "^1.0.1",
        "@jridgewell/sourcemap-codec": "^1.4.10",
        "@jridgewell/trace-mapping": "^0.3.9"
      },
      "engines": {
        "node": ">=6.0.0"
      }
    },
    "node_modules/@jridgewell/resolve-uri": {
      "version": "3.1.1",
      "resolved": "https://registry.npmjs.org/@jridgewell/resolve-uri/-/resolve-uri-3.1.1.tgz",
      "integrity": "sha512-dSYZh7HhCDtCKm4QakX0xFpsRDqjjtZf/kjI/v3T3Nwt5r8/qz/M19F9ySyOqU94SXBmeG9ttTul+YnR4LOxFA==",
      "dev": true,
      "engines": {
        "node": ">=6.0.0"
      }
    },
    "node_modules/@jridgewell/set-array": {
      "version": "1.1.2",
      "resolved": "https://registry.npmjs.org/@jridgewell/set-array/-/set-array-1.1.2.tgz",
      "integrity": "sha512-xnkseuNADM0gt2bs+BvhO0p78Mk762YnZdsuzFV018NoG1Sj1SCQvpSqa7XUaTam5vAGasABV9qXASMKnFMwMw==",
      "dev": true,
      "engines": {
        "node": ">=6.0.0"
      }
    },
    "node_modules/@jridgewell/sourcemap-codec": {
      "version": "1.4.15",
      "resolved": "https://registry.npmjs.org/@jridgewell/sourcemap-codec/-/sourcemap-codec-1.4.15.tgz",
      "integrity": "sha512-eF2rxCRulEKXHTRiDrDy6erMYWqNw4LPdQ8UQA4huuxaQsVeRPFl2oM8oDGxMFhJUWZf9McpLtJasDDZb/Bpeg==",
      "dev": true
    },
    "node_modules/@jridgewell/trace-mapping": {
      "version": "0.3.19",
      "resolved": "https://registry.npmjs.org/@jridgewell/trace-mapping/-/trace-mapping-0.3.19.tgz",
      "integrity": "sha512-kf37QtfW+Hwx/buWGMPcR60iF9ziHa6r/CZJIHbmcm4+0qrXiVdxegAH0F6yddEVQ7zdkjcGCgCzUu+BcbhQxw==",
      "dev": true,
      "dependencies": {
        "@jridgewell/resolve-uri": "^3.1.0",
        "@jridgewell/sourcemap-codec": "^1.4.14"
      }
    },
    "node_modules/@nodelib/fs.scandir": {
      "version": "2.1.5",
      "resolved": "https://registry.npmjs.org/@nodelib/fs.scandir/-/fs.scandir-2.1.5.tgz",
      "integrity": "sha512-vq24Bq3ym5HEQm2NKCr3yXDwjc7vTsEThRDnkp2DK9p1uqLR+DHurm/NOTo0KG7HYHU7eppKZj3MyqYuMBf62g==",
      "dev": true,
      "dependencies": {
        "@nodelib/fs.stat": "2.0.5",
        "run-parallel": "^1.1.9"
      },
      "engines": {
        "node": ">= 8"
      }
    },
    "node_modules/@nodelib/fs.stat": {
      "version": "2.0.5",
      "resolved": "https://registry.npmjs.org/@nodelib/fs.stat/-/fs.stat-2.0.5.tgz",
      "integrity": "sha512-RkhPPp2zrqDAQA/2jNhnztcPAlv64XdhIp7a7454A5ovI7Bukxgt7MX7udwAu3zg1DcpPU0rz3VV1SeaqvY4+A==",
      "dev": true,
      "engines": {
        "node": ">= 8"
      }
    },
    "node_modules/@nodelib/fs.walk": {
      "version": "1.2.8",
      "resolved": "https://registry.npmjs.org/@nodelib/fs.walk/-/fs.walk-1.2.8.tgz",
      "integrity": "sha512-oGB+UxlgWcgQkgwo8GcEGwemoTFt3FIO9ababBmaGwXIoBKZ+GTy0pP185beGg7Llih/NSHSV2XAs1lnznocSg==",
      "dev": true,
      "dependencies": {
        "@nodelib/fs.scandir": "2.1.5",
        "fastq": "^1.6.0"
      },
      "engines": {
        "node": ">= 8"
      }
    },
    "node_modules/@sveltejs/vite-plugin-svelte": {
      "version": "2.4.5",
      "resolved": "https://registry.npmjs.org/@sveltejs/vite-plugin-svelte/-/vite-plugin-svelte-2.4.5.tgz",
      "integrity": "sha512-UJKsFNwhzCVuiZd06jM/psscyNJNDwjQC+qIeb7GBJK9iWeQCcIyfcPWDvbCudfcJggY9jtxJeeaZH7uny93FQ==",
      "dev": true,
      "dependencies": {
        "@sveltejs/vite-plugin-svelte-inspector": "^1.0.3",
        "debug": "^4.3.4",
        "deepmerge": "^4.3.1",
        "kleur": "^4.1.5",
        "magic-string": "^0.30.2",
        "svelte-hmr": "^0.15.3",
        "vitefu": "^0.2.4"
      },
      "engines": {
        "node": "^14.18.0 || >= 16"
      },
      "peerDependencies": {
        "svelte": "^3.54.0 || ^4.0.0",
        "vite": "^4.0.0"
      }
    },
    "node_modules/@sveltejs/vite-plugin-svelte-inspector": {
      "version": "1.0.4",
      "resolved": "https://registry.npmjs.org/@sveltejs/vite-plugin-svelte-inspector/-/vite-plugin-svelte-inspector-1.0.4.tgz",
      "integrity": "sha512-zjiuZ3yydBtwpF3bj0kQNV0YXe+iKE545QGZVTaylW3eAzFr+pJ/cwK8lZEaRp4JtaJXhD5DyWAV4AxLh6DgaQ==",
      "dev": true,
      "dependencies": {
        "debug": "^4.3.4"
      },
      "engines": {
        "node": "^14.18.0 || >= 16"
      },
      "peerDependencies": {
        "@sveltejs/vite-plugin-svelte": "^2.2.0",
        "svelte": "^3.54.0 || ^4.0.0",
        "vite": "^4.0.0"
      }
    },
    "node_modules/@types/estree": {
      "version": "1.0.1",
      "resolved": "https://registry.npmjs.org/@types/estree/-/estree-1.0.1.tgz",
      "integrity": "sha512-LG4opVs2ANWZ1TJoKc937iMmNstM/d0ae1vNbnBvBhqCSezgVUOzcLCqbI5elV8Vy6WKwKjaqR+zO9VKirBBCA==",
      "dev": true
    },
    "node_modules/acorn": {
      "version": "8.10.0",
      "resolved": "https://registry.npmjs.org/acorn/-/acorn-8.10.0.tgz",
      "integrity": "sha512-F0SAmZ8iUtS//m8DmCTA0jlh6TDKkHQyK6xc6V4KDTyZKA9dnvX9/3sRTVQrWm79glUAZbnmmNcdYwUIHWVybw==",
      "dev": true,
      "bin": {
        "acorn": "bin/acorn"
      },
      "engines": {
        "node": ">=0.4.0"
      }
    },
    "node_modules/any-promise": {
      "version": "1.3.0",
      "resolved": "https://registry.npmjs.org/any-promise/-/any-promise-1.3.0.tgz",
      "integrity": "sha512-7UvmKalWRt1wgjL1RrGxoSJW/0QZFIegpeGvZG9kjp8vrRu55XTHbwnqq2GpXm9uLbcuhxm3IqX9OB4MZR1b2A==",
      "dev": true
    },
    "node_modules/anymatch": {
      "version": "3.1.3",
      "resolved": "https://registry.npmjs.org/anymatch/-/anymatch-3.1.3.tgz",
      "integrity": "sha512-KMReFUr0B4t+D+OBkjR3KYqvocp2XaSzO55UcB6mgQMd3KbcE+mWTyvVV7D/zsdEbNnV6acZUutkiHQXvTr1Rw==",
      "dev": true,
      "dependencies": {
        "normalize-path": "^3.0.0",
        "picomatch": "^2.0.4"
      },
      "engines": {
        "node": ">= 8"
      }
    },
    "node_modules/arg": {
      "version": "5.0.2",
      "resolved": "https://registry.npmjs.org/arg/-/arg-5.0.2.tgz",
      "integrity": "sha512-PYjyFOLKQ9y57JvQ6QLo8dAgNqswh8M1RMJYdQduT6xbWSgK36P/Z/v+p888pM69jMMfS8Xd8F6I1kQ/I9HUGg==",
      "dev": true
    },
    "node_modules/aria-query": {
      "version": "5.3.0",
      "resolved": "https://registry.npmjs.org/aria-query/-/aria-query-5.3.0.tgz",
      "integrity": "sha512-b0P0sZPKtyu8HkeRAfCq0IfURZK+SuwMjY1UXGBU27wpAiTwQAIlq56IbIO+ytk/JjS1fMR14ee5WBBfKi5J6A==",
      "dev": true,
      "dependencies": {
        "dequal": "^2.0.3"
      }
    },
    "node_modules/autoprefixer": {
      "version": "10.4.15",
      "resolved": "https://registry.npmjs.org/autoprefixer/-/autoprefixer-10.4.15.tgz",
      "integrity": "sha512-KCuPB8ZCIqFdA4HwKXsvz7j6gvSDNhDP7WnUjBleRkKjPdvCmHFuQ77ocavI8FT6NdvlBnE2UFr2H4Mycn8Vew==",
      "dev": true,
      "funding": [
        {
          "type": "opencollective",
          "url": "https://opencollective.com/postcss/"
        },
        {
          "type": "tidelift",
          "url": "https://tidelift.com/funding/github/npm/autoprefixer"
        },
        {
          "type": "github",
          "url": "https://github.com/sponsors/ai"
        }
      ],
      "dependencies": {
        "browserslist": "^4.21.10",
        "caniuse-lite": "^1.0.30001520",
        "fraction.js": "^4.2.0",
        "normalize-range": "^0.1.2",
        "picocolors": "^1.0.0",
        "postcss-value-parser": "^4.2.0"
      },
      "bin": {
        "autoprefixer": "bin/autoprefixer"
      },
      "engines": {
        "node": "^10 || ^12 || >=14"
      },
      "peerDependencies": {
        "postcss": "^8.1.0"
      }
    },
    "node_modules/axobject-query": {
      "version": "3.2.1",
      "resolved": "https://registry.npmjs.org/axobject-query/-/axobject-query-3.2.1.tgz",
      "integrity": "sha512-jsyHu61e6N4Vbz/v18DHwWYKK0bSWLqn47eeDSKPB7m8tqMHF9YJ+mhIk2lVteyZrY8tnSj/jHOv4YiTCuCJgg==",
      "dev": true,
      "dependencies": {
        "dequal": "^2.0.3"
      }
    },
    "node_modules/balanced-match": {
      "version": "1.0.2",
      "resolved": "https://registry.npmjs.org/balanced-match/-/balanced-match-1.0.2.tgz",
      "integrity": "sha512-3oSeUO0TMV67hN1AmbXsK4yaqU7tjiHlbxRDZOpH0KW9+CeX4bRAaX0Anxt0tx2MrpRpWwQaPwIlISEJhYU5Pw==",
      "dev": true
    },
    "node_modules/binary-extensions": {
      "version": "2.2.0",
      "resolved": "https://registry.npmjs.org/binary-extensions/-/binary-extensions-2.2.0.tgz",
      "integrity": "sha512-jDctJ/IVQbZoJykoeHbhXpOlNBqGNcwXJKJog42E5HDPUwQTSdjCHdihjj0DlnheQ7blbT6dHOafNAiS8ooQKA==",
      "dev": true,
      "engines": {
        "node": ">=8"
      }
    },
    "node_modules/brace-expansion": {
      "version": "1.1.11",
      "resolved": "https://registry.npmjs.org/brace-expansion/-/brace-expansion-1.1.11.tgz",
      "integrity": "sha512-iCuPHDFgrHX7H2vEI/5xpz07zSHB00TpugqhmYtVmMO6518mCuRMoOYFldEBl0g187ufozdaHgWKcYFb61qGiA==",
      "dev": true,
      "dependencies": {
        "balanced-match": "^1.0.0",
        "concat-map": "0.0.1"
      }
    },
    "node_modules/braces": {
      "version": "3.0.2",
      "resolved": "https://registry.npmjs.org/braces/-/braces-3.0.2.tgz",
      "integrity": "sha512-b8um+L1RzM3WDSzvhm6gIz1yfTbBt6YTlcEKAvsmqCZZFw46z626lVj9j1yEPW33H5H+lBQpZMP1k8l+78Ha0A==",
      "dev": true,
      "dependencies": {
        "fill-range": "^7.0.1"
      },
      "engines": {
        "node": ">=8"
      }
    },
    "node_modules/browserslist": {
      "version": "4.21.10",
      "resolved": "https://registry.npmjs.org/browserslist/-/browserslist-4.21.10.tgz",
      "integrity": "sha512-bipEBdZfVH5/pwrvqc+Ub0kUPVfGUhlKxbvfD+z1BDnPEO/X98ruXGA1WP5ASpAFKan7Qr6j736IacbZQuAlKQ==",
      "dev": true,
      "funding": [
        {
          "type": "opencollective",
          "url": "https://opencollective.com/browserslist"
        },
        {
          "type": "tidelift",
          "url": "https://tidelift.com/funding/github/npm/browserslist"
        },
        {
          "type": "github",
          "url": "https://github.com/sponsors/ai"
        }
      ],
      "dependencies": {
        "caniuse-lite": "^1.0.30001517",
        "electron-to-chromium": "^1.4.477",
        "node-releases": "^2.0.13",
        "update-browserslist-db": "^1.0.11"
      },
      "bin": {
        "browserslist": "cli.js"
      },
      "engines": {
        "node": "^6 || ^7 || ^8 || ^9 || ^10 || ^11 || ^12 || >=13.7"
      }
    },
    "node_modules/camelcase-css": {
      "version": "2.0.1",
      "resolved": "https://registry.npmjs.org/camelcase-css/-/camelcase-css-2.0.1.tgz",
      "integrity": "sha512-QOSvevhslijgYwRx6Rv7zKdMF8lbRmx+uQGx2+vDc+KI/eBnsy9kit5aj23AgGu3pa4t9AgwbnXWqS+iOY+2aA==",
      "dev": true,
      "engines": {
        "node": ">= 6"
      }
    },
    "node_modules/caniuse-lite": {
      "version": "1.0.30001523",
      "resolved": "https://registry.npmjs.org/caniuse-lite/-/caniuse-lite-1.0.30001523.tgz",
      "integrity": "sha512-I5q5cisATTPZ1mc588Z//pj/Ox80ERYDfR71YnvY7raS/NOk8xXlZcB0sF7JdqaV//kOaa6aus7lRfpdnt1eBA==",
      "dev": true,
      "funding": [
        {
          "type": "opencollective",
          "url": "https://opencollective.com/browserslist"
        },
        {
          "type": "tidelift",
          "url": "https://tidelift.com/funding/github/npm/caniuse-lite"
        },
        {
          "type": "github",
          "url": "https://github.com/sponsors/ai"
        }
      ]
    },
    "node_modules/chokidar": {
      "version": "3.5.3",
      "resolved": "https://registry.npmjs.org/chokidar/-/chokidar-3.5.3.tgz",
      "integrity": "sha512-Dr3sfKRP6oTcjf2JmUmFJfeVMvXBdegxB0iVQ5eb2V10uFJUCAS8OByZdVAyVb8xXNz3GjjTgj9kLWsZTqE6kw==",
      "dev": true,
      "funding": [
        {
          "type": "individual",
          "url": "https://paulmillr.com/funding/"
        }
      ],
      "dependencies": {
        "anymatch": "~3.1.2",
        "braces": "~3.0.2",
        "glob-parent": "~5.1.2",
        "is-binary-path": "~2.1.0",
        "is-glob": "~4.0.1",
        "normalize-path": "~3.0.0",
        "readdirp": "~3.6.0"
      },
      "engines": {
        "node": ">= 8.10.0"
      },
      "optionalDependencies": {
        "fsevents": "~2.3.2"
      }
    },
    "node_modules/chokidar/node_modules/glob-parent": {
      "version": "5.1.2",
      "resolved": "https://registry.npmjs.org/glob-parent/-/glob-parent-5.1.2.tgz",
      "integrity": "sha512-AOIgSQCepiJYwP3ARnGx+5VnTu2HBYdzbGP45eLw1vr3zB3vZLeyed1sC9hnbcOc9/SrMyM5RPQrkGz4aS9Zow==",
      "dev": true,
      "dependencies": {
        "is-glob": "^4.0.1"
      },
      "engines": {
        "node": ">= 6"
      }
    },
    "node_modules/code-red": {
      "version": "1.0.4",
      "resolved": "https://registry.npmjs.org/code-red/-/code-red-1.0.4.tgz",
      "integrity": "sha512-7qJWqItLA8/VPVlKJlFXU+NBlo/qyfs39aJcuMT/2ere32ZqvF5OSxgdM5xOfJJ7O429gg2HM47y8v9P+9wrNw==",
      "dev": true,
      "dependencies": {
        "@jridgewell/sourcemap-codec": "^1.4.15",
        "@types/estree": "^1.0.1",
        "acorn": "^8.10.0",
        "estree-walker": "^3.0.3",
        "periscopic": "^3.1.0"
      }
    },
    "node_modules/commander": {
      "version": "4.1.1",
      "resolved": "https://registry.npmjs.org/commander/-/commander-4.1.1.tgz",
      "integrity": "sha512-NOKm8xhkzAjzFx8B2v5OAHT+u5pRQc2UCa2Vq9jYL/31o2wi9mxBA7LIFs3sV5VSC49z6pEhfbMULvShKj26WA==",
      "dev": true,
      "engines": {
        "node": ">= 6"
      }
    },
    "node_modules/concat-map": {
      "version": "0.0.1",
      "resolved": "https://registry.npmjs.org/concat-map/-/concat-map-0.0.1.tgz",
      "integrity": "sha512-/Srv4dswyQNBfohGpz9o6Yb3Gz3SrUDqBH5rTuhGR7ahtlbYKnVxw2bCFMRljaA7EXHaXZ8wsHdodFvbkhKmqg==",
      "dev": true
    },
    "node_modules/css-tree": {
      "version": "2.3.1",
      "resolved": "https://registry.npmjs.org/css-tree/-/css-tree-2.3.1.tgz",
      "integrity": "sha512-6Fv1DV/TYw//QF5IzQdqsNDjx/wc8TrMBZsqjL9eW01tWb7R7k/mq+/VXfJCl7SoD5emsJop9cOByJZfs8hYIw==",
      "dev": true,
      "dependencies": {
        "mdn-data": "2.0.30",
        "source-map-js": "^1.0.1"
      },
      "engines": {
        "node": "^10 || ^12.20.0 || ^14.13.0 || >=15.0.0"
      }
    },
    "node_modules/cssesc": {
      "version": "3.0.0",
      "resolved": "https://registry.npmjs.org/cssesc/-/cssesc-3.0.0.tgz",
      "integrity": "sha512-/Tb/JcjK111nNScGob5MNtsntNM1aCNUDipB/TkwZFhyDrrE47SOx/18wF2bbjgc3ZzCSKW1T5nt5EbFoAz/Vg==",
      "dev": true,
      "bin": {
        "cssesc": "bin/cssesc"
      },
      "engines": {
        "node": ">=4"
      }
    },
    "node_modules/debug": {
      "version": "4.3.4",
      "resolved": "https://registry.npmjs.org/debug/-/debug-4.3.4.tgz",
      "integrity": "sha512-PRWFHuSU3eDtQJPvnNY7Jcket1j0t5OuOsFzPPzsekD52Zl8qUfFIPEiswXqIvHWGVHOgX+7G/vCNNhehwxfkQ==",
      "dev": true,
      "dependencies": {
        "ms": "2.1.2"
      },
      "engines": {
        "node": ">=6.0"
      },
      "peerDependenciesMeta": {
        "supports-color": {
          "optional": true
        }
      }
    },
    "node_modules/deepmerge": {
      "version": "4.3.1",
      "resolved": "https://registry.npmjs.org/deepmerge/-/deepmerge-4.3.1.tgz",
      "integrity": "sha512-3sUqbMEc77XqpdNO7FRyRog+eW3ph+GYCbj+rK+uYyRMuwsVy0rMiVtPn+QJlKFvWP/1PYpapqYn0Me2knFn+A==",
      "dev": true,
      "engines": {
        "node": ">=0.10.0"
      }
    },
    "node_modules/dequal": {
      "version": "2.0.3",
      "resolved": "https://registry.npmjs.org/dequal/-/dequal-2.0.3.tgz",
      "integrity": "sha512-0je+qPKHEMohvfRTCEo3CrPG6cAzAYgmzKyxRiYSSDkS6eGJdyVJm7WaYA5ECaAD9wLB2T4EEeymA5aFVcYXCA==",
      "dev": true,
      "engines": {
        "node": ">=6"
      }
    },
    "node_modules/didyoumean": {
      "version": "1.2.2",
      "resolved": "https://registry.npmjs.org/didyoumean/-/didyoumean-1.2.2.tgz",
      "integrity": "sha512-gxtyfqMg7GKyhQmb056K7M3xszy/myH8w+B4RT+QXBQsvAOdc3XymqDDPHx1BgPgsdAA5SIifona89YtRATDzw==",
      "dev": true
    },
    "node_modules/dlv": {
      "version": "1.1.3",
      "resolved": "https://registry.npmjs.org/dlv/-/dlv-1.1.3.tgz",
      "integrity": "sha512-+HlytyjlPKnIG8XuRG8WvmBP8xs8P71y+SKKS6ZXWoEgLuePxtDoUEiH7WkdePWrQ5JBpE6aoVqfZfJUQkjXwA==",
      "dev": true
    },
    "node_modules/electron-to-chromium": {
      "version": "1.4.503",
      "resolved": "https://registry.npmjs.org/electron-to-chromium/-/electron-to-chromium-1.4.503.tgz",
      "integrity": "sha512-LF2IQit4B0VrUHFeQkWhZm97KuJSGF2WJqq1InpY+ECpFRkXd8yTIaTtJxsO0OKDmiBYwWqcrNaXOurn2T2wiA==",
      "dev": true
    },
    "node_modules/esbuild": {
      "version": "0.18.20",
      "resolved": "https://registry.npmjs.org/esbuild/-/esbuild-0.18.20.tgz",
      "integrity": "sha512-ceqxoedUrcayh7Y7ZX6NdbbDzGROiyVBgC4PriJThBKSVPWnnFHZAkfI1lJT8QFkOwH4qOS2SJkS4wvpGl8BpA==",
      "dev": true,
      "hasInstallScript": true,
      "bin": {
        "esbuild": "bin/esbuild"
      },
      "engines": {
        "node": ">=12"
      },
      "optionalDependencies": {
        "@esbuild/android-arm": "0.18.20",
        "@esbuild/android-arm64": "0.18.20",
        "@esbuild/android-x64": "0.18.20",
        "@esbuild/darwin-arm64": "0.18.20",
        "@esbuild/darwin-x64": "0.18.20",
        "@esbuild/freebsd-arm64": "0.18.20",
        "@esbuild/freebsd-x64": "0.18.20",
        "@esbuild/linux-arm": "0.18.20",
        "@esbuild/linux-arm64": "0.18.20",
        "@esbuild/linux-ia32": "0.18.20",
        "@esbuild/linux-loong64": "0.18.20",
        "@esbuild/linux-mips64el": "0.18.20",
        "@esbuild/linux-ppc64": "0.18.20",
        "@esbuild/linux-riscv64": "0.18.20",
        "@esbuild/linux-s390x": "0.18.20",
        "@esbuild/linux-x64": "0.18.20",
        "@esbuild/netbsd-x64": "0.18.20",
        "@esbuild/openbsd-x64": "0.18.20",
        "@esbuild/sunos-x64": "0.18.20",
        "@esbuild/win32-arm64": "0.18.20",
        "@esbuild/win32-ia32": "0.18.20",
        "@esbuild/win32-x64": "0.18.20"
      }
    },
    "node_modules/escalade": {
      "version": "3.1.1",
      "resolved": "https://registry.npmjs.org/escalade/-/escalade-3.1.1.tgz",
      "integrity": "sha512-k0er2gUkLf8O0zKJiAhmkTnJlTvINGv7ygDNPbeIsX/TJjGJZHuh9B2UxbsaEkmlEo9MfhrSzmhIlhRlI2GXnw==",
      "dev": true,
      "engines": {
        "node": ">=6"
      }
    },
    "node_modules/estree-walker": {
      "version": "3.0.3",
      "resolved": "https://registry.npmjs.org/estree-walker/-/estree-walker-3.0.3.tgz",
      "integrity": "sha512-7RUKfXgSMMkzt6ZuXmqapOurLGPPfgj6l9uRZ7lRGolvk0y2yocc35LdcxKC5PQZdn2DMqioAQ2NoWcrTKmm6g==",
      "dev": true,
      "dependencies": {
        "@types/estree": "^1.0.0"
      }
    },
    "node_modules/fast-glob": {
      "version": "3.3.1",
      "resolved": "https://registry.npmjs.org/fast-glob/-/fast-glob-3.3.1.tgz",
      "integrity": "sha512-kNFPyjhh5cKjrUltxs+wFx+ZkbRaxxmZ+X0ZU31SOsxCEtP9VPgtq2teZw1DebupL5GmDaNQ6yKMMVcM41iqDg==",
      "dev": true,
      "dependencies": {
        "@nodelib/fs.stat": "^2.0.2",
        "@nodelib/fs.walk": "^1.2.3",
        "glob-parent": "^5.1.2",
        "merge2": "^1.3.0",
        "micromatch": "^4.0.4"
      },
      "engines": {
        "node": ">=8.6.0"
      }
    },
    "node_modules/fast-glob/node_modules/glob-parent": {
      "version": "5.1.2",
      "resolved": "https://registry.npmjs.org/glob-parent/-/glob-parent-5.1.2.tgz",
      "integrity": "sha512-AOIgSQCepiJYwP3ARnGx+5VnTu2HBYdzbGP45eLw1vr3zB3vZLeyed1sC9hnbcOc9/SrMyM5RPQrkGz4aS9Zow==",
      "dev": true,
      "dependencies": {
        "is-glob": "^4.0.1"
      },
      "engines": {
        "node": ">= 6"
      }
    },
    "node_modules/fastq": {
      "version": "1.15.0",
      "resolved": "https://registry.npmjs.org/fastq/-/fastq-1.15.0.tgz",
      "integrity": "sha512-wBrocU2LCXXa+lWBt8RoIRD89Fi8OdABODa/kEnyeyjS5aZO5/GNvI5sEINADqP/h8M29UHTHUb53sUu5Ihqdw==",
      "dev": true,
      "dependencies": {
        "reusify": "^1.0.4"
      }
    },
    "node_modules/fill-range": {
      "version": "7.0.1",
      "resolved": "https://registry.npmjs.org/fill-range/-/fill-range-7.0.1.tgz",
      "integrity": "sha512-qOo9F+dMUmC2Lcb4BbVvnKJxTPjCm+RRpe4gDuGrzkL7mEVl/djYSu2OdQ2Pa302N4oqkSg9ir6jaLWJ2USVpQ==",
      "dev": true,
      "dependencies": {
        "to-regex-range": "^5.0.1"
      },
      "engines": {
        "node": ">=8"
      }
    },
    "node_modules/fraction.js": {
      "version": "4.2.1",
      "resolved": "https://registry.npmjs.org/fraction.js/-/fraction.js-4.2.1.tgz",
      "integrity": "sha512-/KxoyCnPM0GwYI4NN0Iag38Tqt+od3/mLuguepLgCAKPn0ZhC544nssAW0tG2/00zXEYl9W+7hwAIpLHo6Oc7Q==",
      "dev": true,
      "engines": {
        "node": "*"
      },
      "funding": {
        "type": "patreon",
        "url": "https://www.patreon.com/infusion"
      }
    },
    "node_modules/fs.realpath": {
      "version": "1.0.0",
      "resolved": "https://registry.npmjs.org/fs.realpath/-/fs.realpath-1.0.0.tgz",
      "integrity": "sha512-OO0pH2lK6a0hZnAdau5ItzHPI6pUlvI7jMVnxUQRtw4owF2wk8lOSabtGDCTP4Ggrg2MbGnWO9X8K1t4+fGMDw==",
      "dev": true
    },
    "node_modules/fsevents": {
      "version": "2.3.3",
      "resolved": "https://registry.npmjs.org/fsevents/-/fsevents-2.3.3.tgz",
      "integrity": "sha512-5xoDfX+fL7faATnagmWPpbFtwh/R77WmMMqqHGS65C3vvB0YHrgF+B1YmZ3441tMj5n63k0212XNoJwzlhffQw==",
      "dev": true,
      "hasInstallScript": true,
      "optional": true,
      "os": [
        "darwin"
      ],
      "engines": {
        "node": "^8.16.0 || ^10.6.0 || >=11.0.0"
      }
    },
    "node_modules/function-bind": {
      "version": "1.1.1",
      "resolved": "https://registry.npmjs.org/function-bind/-/function-bind-1.1.1.tgz",
      "integrity": "sha512-yIovAzMX49sF8Yl58fSCWJ5svSLuaibPxXQJFLmBObTuCr0Mf1KiPopGM9NiFjiYBCbfaa2Fh6breQ6ANVTI0A==",
      "dev": true
    },
    "node_modules/glob": {
      "version": "7.1.6",
      "resolved": "https://registry.npmjs.org/glob/-/glob-7.1.6.tgz",
      "integrity": "sha512-LwaxwyZ72Lk7vZINtNNrywX0ZuLyStrdDtabefZKAY5ZGJhVtgdznluResxNmPitE0SAO+O26sWTHeKSI2wMBA==",
      "dev": true,
      "dependencies": {
        "fs.realpath": "^1.0.0",
        "inflight": "^1.0.4",
        "inherits": "2",
        "minimatch": "^3.0.4",
        "once": "^1.3.0",
        "path-is-absolute": "^1.0.0"
      },
      "engines": {
        "node": "*"
      },
      "funding": {
        "url": "https://github.com/sponsors/isaacs"
      }
    },
    "node_modules/glob-parent": {
      "version": "6.0.2",
      "resolved": "https://registry.npmjs.org/glob-parent/-/glob-parent-6.0.2.tgz",
      "integrity": "sha512-XxwI8EOhVQgWp6iDL+3b0r86f4d6AX6zSU55HfB4ydCEuXLXc5FcYeOu+nnGftS4TEju/11rt4KJPTMgbfmv4A==",
      "dev": true,
      "dependencies": {
        "is-glob": "^4.0.3"
      },
      "engines": {
        "node": ">=10.13.0"
      }
    },
    "node_modules/has": {
      "version": "1.0.3",
      "resolved": "https://registry.npmjs.org/has/-/has-1.0.3.tgz",
      "integrity": "sha512-f2dvO0VU6Oej7RkWJGrehjbzMAjFp5/VKPp5tTpWIV4JHHZK1/BxbFRtf/siA2SWTe09caDmVtYYzWEIbBS4zw==",
      "dev": true,
      "dependencies": {
        "function-bind": "^1.1.1"
      },
      "engines": {
        "node": ">= 0.4.0"
      }
    },
    "node_modules/inflight": {
      "version": "1.0.6",
      "resolved": "https://registry.npmjs.org/inflight/-/inflight-1.0.6.tgz",
      "integrity": "sha512-k92I/b08q4wvFscXCLvqfsHCrjrF7yiXsQuIVvVE7N82W3+aqpzuUdBbfhWcy/FZR3/4IgflMgKLOsvPDrGCJA==",
      "dev": true,
      "dependencies": {
        "once": "^1.3.0",
        "wrappy": "1"
      }
    },
    "node_modules/inherits": {
      "version": "2.0.4",
      "resolved": "https://registry.npmjs.org/inherits/-/inherits-2.0.4.tgz",
      "integrity": "sha512-k/vGaX4/Yla3WzyMCvTQOXYeIHvqOKtnqBduzTHpzpQZzAskKMhZ2K+EnBiSM9zGSoIFeMpXKxa4dYeZIQqewQ==",
      "dev": true
    },
    "node_modules/is-binary-path": {
      "version": "2.1.0",
      "resolved": "https://registry.npmjs.org/is-binary-path/-/is-binary-path-2.1.0.tgz",
      "integrity": "sha512-ZMERYes6pDydyuGidse7OsHxtbI7WVeUEozgR/g7rd0xUimYNlvZRE/K2MgZTjWy725IfelLeVcEM97mmtRGXw==",
      "dev": true,
      "dependencies": {
        "binary-extensions": "^2.0.0"
      },
      "engines": {
        "node": ">=8"
      }
    },
    "node_modules/is-core-module": {
      "version": "2.13.0",
      "resolved": "https://registry.npmjs.org/is-core-module/-/is-core-module-2.13.0.tgz",
      "integrity": "sha512-Z7dk6Qo8pOCp3l4tsX2C5ZVas4V+UxwQodwZhLopL91TX8UyyHEXafPcyoeeWuLrwzHcr3igO78wNLwHJHsMCQ==",
      "dev": true,
      "dependencies": {
        "has": "^1.0.3"
      },
      "funding": {
        "url": "https://github.com/sponsors/ljharb"
      }
    },
    "node_modules/is-extglob": {
      "version": "2.1.1",
      "resolved": "https://registry.npmjs.org/is-extglob/-/is-extglob-2.1.1.tgz",
      "integrity": "sha512-SbKbANkN603Vi4jEZv49LeVJMn4yGwsbzZworEoyEiutsN3nJYdbO36zfhGJ6QEDpOZIFkDtnq5JRxmvl3jsoQ==",
      "dev": true,
      "engines": {
        "node": ">=0.10.0"
      }
    },
    "node_modules/is-glob": {
      "version": "4.0.3",
      "resolved": "https://registry.npmjs.org/is-glob/-/is-glob-4.0.3.tgz",
      "integrity": "sha512-xelSayHH36ZgE7ZWhli7pW34hNbNl8Ojv5KVmkJD4hBdD3th8Tfk9vYasLM+mXWOZhFkgZfxhLSnrwRr4elSSg==",
      "dev": true,
      "dependencies": {
        "is-extglob": "^2.1.1"
      },
      "engines": {
        "node": ">=0.10.0"
      }
    },
    "node_modules/is-number": {
      "version": "7.0.0",
      "resolved": "https://registry.npmjs.org/is-number/-/is-number-7.0.0.tgz",
      "integrity": "sha512-41Cifkg6e8TylSpdtTpeLVMqvSBEVzTttHvERD741+pnZ8ANv0004MRL43QKPDlK9cGvNp6NZWZUBlbGXYxxng==",
      "dev": true,
      "engines": {
        "node": ">=0.12.0"
      }
    },
    "node_modules/is-reference": {
      "version": "3.0.1",
      "resolved": "https://registry.npmjs.org/is-reference/-/is-reference-3.0.1.tgz",
      "integrity": "sha512-baJJdQLiYaJdvFbJqXrcGv3WU3QCzBlUcI5QhbesIm6/xPsvmO+2CDoi/GMOFBQEQm+PXkwOPrp9KK5ozZsp2w==",
      "dev": true,
      "dependencies": {
        "@types/estree": "*"
      }
    },
    "node_modules/jiti": {
      "version": "1.19.3",
      "resolved": "https://registry.npmjs.org/jiti/-/jiti-1.19.3.tgz",
      "integrity": "sha512-5eEbBDQT/jF1xg6l36P+mWGGoH9Spuy0PCdSr2dtWRDGC6ph/w9ZCL4lmESW8f8F7MwT3XKescfP0wnZWAKL9w==",
      "dev": true,
      "bin": {
        "jiti": "bin/jiti.js"
      }
    },
    "node_modules/kleur": {
      "version": "4.1.5",
      "resolved": "https://registry.npmjs.org/kleur/-/kleur-4.1.5.tgz",
      "integrity": "sha512-o+NO+8WrRiQEE4/7nwRJhN1HWpVmJm511pBHUxPLtp0BUISzlBplORYSmTclCnJvQq2tKu/sgl3xVpkc7ZWuQQ==",
      "dev": true,
      "engines": {
        "node": ">=6"
      }
    },
    "node_modules/lilconfig": {
      "version": "2.1.0",
      "resolved": "https://registry.npmjs.org/lilconfig/-/lilconfig-2.1.0.tgz",
      "integrity": "sha512-utWOt/GHzuUxnLKxB6dk81RoOeoNeHgbrXiuGk4yyF5qlRz+iIVWu56E2fqGHFrXz0QNUhLB/8nKqvRH66JKGQ==",
      "dev": true,
      "engines": {
        "node": ">=10"
      }
    },
    "node_modules/lines-and-columns": {
      "version": "1.2.4",
      "resolved": "https://registry.npmjs.org/lines-and-columns/-/lines-and-columns-1.2.4.tgz",
      "integrity": "sha512-7ylylesZQ/PV29jhEDl3Ufjo6ZX7gCqJr5F7PKrqc93v7fzSymt1BpwEU8nAUXs8qzzvqhbjhK5QZg6Mt/HkBg==",
      "dev": true
    },
    "node_modules/locate-character": {
      "version": "3.0.0",
      "resolved": "https://registry.npmjs.org/locate-character/-/locate-character-3.0.0.tgz",
      "integrity": "sha512-SW13ws7BjaeJ6p7Q6CO2nchbYEc3X3J6WrmTTDto7yMPqVSZTUyY5Tjbid+Ab8gLnATtygYtiDIJGQRRn2ZOiA==",
      "dev": true
    },
    "node_modules/magic-string": {
      "version": "0.30.3",
      "resolved": "https://registry.npmjs.org/magic-string/-/magic-string-0.30.3.tgz",
      "integrity": "sha512-B7xGbll2fG/VjP+SWg4sX3JynwIU0mjoTc6MPpKNuIvftk6u6vqhDnk1R80b8C2GBR6ywqy+1DcKBrevBg+bmw==",
      "dev": true,
      "dependencies": {
        "@jridgewell/sourcemap-codec": "^1.4.15"
      },
      "engines": {
        "node": ">=12"
      }
    },
    "node_modules/mdn-data": {
      "version": "2.0.30",
      "resolved": "https://registry.npmjs.org/mdn-data/-/mdn-data-2.0.30.tgz",
      "integrity": "sha512-GaqWWShW4kv/G9IEucWScBx9G1/vsFZZJUO+tD26M8J8z3Kw5RDQjaoZe03YAClgeS/SWPOcb4nkFBTEi5DUEA==",
      "dev": true
    },
    "node_modules/merge2": {
      "version": "1.4.1",
      "resolved": "https://registry.npmjs.org/merge2/-/merge2-1.4.1.tgz",
      "integrity": "sha512-8q7VEgMJW4J8tcfVPy8g09NcQwZdbwFEqhe/WZkoIzjn/3TGDwtOCYtXGxA3O8tPzpczCCDgv+P2P5y00ZJOOg==",
      "dev": true,
      "engines": {
        "node": ">= 8"
      }
    },
    "node_modules/micromatch": {
      "version": "4.0.5",
      "resolved": "https://registry.npmjs.org/micromatch/-/micromatch-4.0.5.tgz",
      "integrity": "sha512-DMy+ERcEW2q8Z2Po+WNXuw3c5YaUSFjAO5GsJqfEl7UjvtIuFKO6ZrKvcItdy98dwFI2N1tg3zNIdKaQT+aNdA==",
      "dev": true,
      "dependencies": {
        "braces": "^3.0.2",
        "picomatch": "^2.3.1"
      },
      "engines": {
        "node": ">=8.6"
      }
    },
    "node_modules/minimatch": {
      "version": "3.1.2",
      "resolved": "https://registry.npmjs.org/minimatch/-/minimatch-3.1.2.tgz",
      "integrity": "sha512-J7p63hRiAjw1NDEww1W7i37+ByIrOWO5XQQAzZ3VOcL0PNybwpfmV/N05zFAzwQ9USyEcX6t3UO+K5aqBQOIHw==",
      "dev": true,
      "dependencies": {
        "brace-expansion": "^1.1.7"
      },
      "engines": {
        "node": "*"
      }
    },
    "node_modules/ms": {
      "version": "2.1.2",
      "resolved": "https://registry.npmjs.org/ms/-/ms-2.1.2.tgz",
      "integrity": "sha512-sGkPx+VjMtmA6MX27oA4FBFELFCZZ4S4XqeGOXCv68tT+jb3vk/RyaKWP0PTKyWtmLSM0b+adUTEvbs1PEaH2w==",
      "dev": true
    },
    "node_modules/mz": {
      "version": "2.7.0",
      "resolved": "https://registry.npmjs.org/mz/-/mz-2.7.0.tgz",
      "integrity": "sha512-z81GNO7nnYMEhrGh9LeymoE4+Yr0Wn5McHIZMK5cfQCl+NDX08sCZgUc9/6MHni9IWuFLm1Z3HTCXu2z9fN62Q==",
      "dev": true,
      "dependencies": {
        "any-promise": "^1.0.0",
        "object-assign": "^4.0.1",
        "thenify-all": "^1.0.0"
      }
    },
    "node_modules/nanoid": {
      "version": "3.3.6",
      "resolved": "https://registry.npmjs.org/nanoid/-/nanoid-3.3.6.tgz",
      "integrity": "sha512-BGcqMMJuToF7i1rt+2PWSNVnWIkGCU78jBG3RxO/bZlnZPK2Cmi2QaffxGO/2RvWi9sL+FAiRiXMgsyxQ1DIDA==",
      "dev": true,
      "funding": [
        {
          "type": "github",
          "url": "https://github.com/sponsors/ai"
        }
      ],
      "bin": {
        "nanoid": "bin/nanoid.cjs"
      },
      "engines": {
        "node": "^10 || ^12 || ^13.7 || ^14 || >=15.0.1"
      }
    },
    "node_modules/node-releases": {
      "version": "2.0.13",
      "resolved": "https://registry.npmjs.org/node-releases/-/node-releases-2.0.13.tgz",
      "integrity": "sha512-uYr7J37ae/ORWdZeQ1xxMJe3NtdmqMC/JZK+geofDrkLUApKRHPd18/TxtBOJ4A0/+uUIliorNrfYV6s1b02eQ==",
      "dev": true
    },
    "node_modules/normalize-path": {
      "version": "3.0.0",
      "resolved": "https://registry.npmjs.org/normalize-path/-/normalize-path-3.0.0.tgz",
      "integrity": "sha512-6eZs5Ls3WtCisHWp9S2GUy8dqkpGi4BVSz3GaqiE6ezub0512ESztXUwUB6C6IKbQkY2Pnb/mD4WYojCRwcwLA==",
      "dev": true,
      "engines": {
        "node": ">=0.10.0"
      }
    },
    "node_modules/normalize-range": {
      "version": "0.1.2",
      "resolved": "https://registry.npmjs.org/normalize-range/-/normalize-range-0.1.2.tgz",
      "integrity": "sha512-bdok/XvKII3nUpklnV6P2hxtMNrCboOjAcyBuQnWEhO665FwrSNRxU+AqpsyvO6LgGYPspN+lu5CLtw4jPRKNA==",
      "dev": true,
      "engines": {
        "node": ">=0.10.0"
      }
    },
    "node_modules/object-assign": {
      "version": "4.1.1",
      "resolved": "https://registry.npmjs.org/object-assign/-/object-assign-4.1.1.tgz",
      "integrity": "sha512-rJgTQnkUnH1sFw8yT6VSU3zD3sWmu6sZhIseY8VX+GRu3P6F7Fu+JNDoXfklElbLJSnc3FUQHVe4cU5hj+BcUg==",
      "dev": true,
      "engines": {
        "node": ">=0.10.0"
      }
    },
    "node_modules/object-hash": {
      "version": "3.0.0",
      "resolved": "https://registry.npmjs.org/object-hash/-/object-hash-3.0.0.tgz",
      "integrity": "sha512-RSn9F68PjH9HqtltsSnqYC1XXoWe9Bju5+213R98cNGttag9q9yAOTzdbsqvIa7aNm5WffBZFpWYr2aWrklWAw==",
      "dev": true,
      "engines": {
        "node": ">= 6"
      }
    },
    "node_modules/once": {
      "version": "1.4.0",
      "resolved": "https://registry.npmjs.org/once/-/once-1.4.0.tgz",
      "integrity": "sha512-lNaJgI+2Q5URQBkccEKHTQOPaXdUxnZZElQTZY0MFUAuaEqe1E+Nyvgdz/aIyNi6Z9MzO5dv1H8n58/GELp3+w==",
      "dev": true,
      "dependencies": {
        "wrappy": "1"
      }
    },
    "node_modules/path-is-absolute": {
      "version": "1.0.1",
      "resolved": "https://registry.npmjs.org/path-is-absolute/-/path-is-absolute-1.0.1.tgz",
      "integrity": "sha512-AVbw3UJ2e9bq64vSaS9Am0fje1Pa8pbGqTTsmXfaIiMpnr5DlDhfJOuLj9Sf95ZPVDAUerDfEk88MPmPe7UCQg==",
      "dev": true,
      "engines": {
        "node": ">=0.10.0"
      }
    },
    "node_modules/path-parse": {
      "version": "1.0.7",
      "resolved": "https://registry.npmjs.org/path-parse/-/path-parse-1.0.7.tgz",
      "integrity": "sha512-LDJzPVEEEPR+y48z93A0Ed0yXb8pAByGWo/k5YYdYgpY2/2EsOsksJrq7lOHxryrVOn1ejG6oAp8ahvOIQD8sw==",
      "dev": true
    },
    "node_modules/periscopic": {
      "version": "3.1.0",
      "resolved": "https://registry.npmjs.org/periscopic/-/periscopic-3.1.0.tgz",
      "integrity": "sha512-vKiQ8RRtkl9P+r/+oefh25C3fhybptkHKCZSPlcXiJux2tJF55GnEj3BVn4A5gKfq9NWWXXrxkHBwVPUfH0opw==",
      "dev": true,
      "dependencies": {
        "@types/estree": "^1.0.0",
        "estree-walker": "^3.0.0",
        "is-reference": "^3.0.0"
      }
    },
    "node_modules/picocolors": {
      "version": "1.0.0",
      "resolved": "https://registry.npmjs.org/picocolors/-/picocolors-1.0.0.tgz",
      "integrity": "sha512-1fygroTLlHu66zi26VoTDv8yRgm0Fccecssto+MhsZ0D/DGW2sm8E8AjW7NU5VVTRt5GxbeZ5qBuJr+HyLYkjQ==",
      "dev": true
    },
    "node_modules/picomatch": {
      "version": "2.3.1",
      "resolved": "https://registry.npmjs.org/picomatch/-/picomatch-2.3.1.tgz",
      "integrity": "sha512-JU3teHTNjmE2VCGFzuY8EXzCDVwEqB2a8fsIvwaStHhAWJEeVd1o1QD80CU6+ZdEXXSLbSsuLwJjkCBWqRQUVA==",
      "dev": true,
      "engines": {
        "node": ">=8.6"
      },
      "funding": {
        "url": "https://github.com/sponsors/jonschlinkert"
      }
    },
    "node_modules/pify": {
      "version": "2.3.0",
      "resolved": "https://registry.npmjs.org/pify/-/pify-2.3.0.tgz",
      "integrity": "sha512-udgsAY+fTnvv7kI7aaxbqwWNb0AHiB0qBO89PZKPkoTmGOgdbrHDKD+0B2X4uTfJ/FT1R09r9gTsjUjNJotuog==",
      "dev": true,
      "engines": {
        "node": ">=0.10.0"
      }
    },
    "node_modules/pirates": {
      "version": "4.0.6",
      "resolved": "https://registry.npmjs.org/pirates/-/pirates-4.0.6.tgz",
      "integrity": "sha512-saLsH7WeYYPiD25LDuLRRY/i+6HaPYr6G1OUlN39otzkSTxKnubR9RTxS3/Kk50s1g2JTgFwWQDQyplC5/SHZg==",
      "dev": true,
      "engines": {
        "node": ">= 6"
      }
    },
    "node_modules/postcss": {
      "version": "8.4.28",
      "resolved": "https://registry.npmjs.org/postcss/-/postcss-8.4.28.tgz",
      "integrity": "sha512-Z7V5j0cq8oEKyejIKfpD8b4eBy9cwW2JWPk0+fB1HOAMsfHbnAXLLS+PfVWlzMSLQaWttKDt607I0XHmpE67Vw==",
      "dev": true,
      "funding": [
        {
          "type": "opencollective",
          "url": "https://opencollective.com/postcss/"
        },
        {
          "type": "tidelift",
          "url": "https://tidelift.com/funding/github/npm/postcss"
        },
        {
          "type": "github",
          "url": "https://github.com/sponsors/ai"
        }
      ],
      "dependencies": {
        "nanoid": "^3.3.6",
        "picocolors": "^1.0.0",
        "source-map-js": "^1.0.2"
      },
      "engines": {
        "node": "^10 || ^12 || >=14"
      }
    },
    "node_modules/postcss-import": {
      "version": "15.1.0",
      "resolved": "https://registry.npmjs.org/postcss-import/-/postcss-import-15.1.0.tgz",
      "integrity": "sha512-hpr+J05B2FVYUAXHeK1YyI267J/dDDhMU6B6civm8hSY1jYJnBXxzKDKDswzJmtLHryrjhnDjqqp/49t8FALew==",
      "dev": true,
      "dependencies": {
        "postcss-value-parser": "^4.0.0",
        "read-cache": "^1.0.0",
        "resolve": "^1.1.7"
      },
      "engines": {
        "node": ">=14.0.0"
      },
      "peerDependencies": {
        "postcss": "^8.0.0"
      }
    },
    "node_modules/postcss-js": {
      "version": "4.0.1",
      "resolved": "https://registry.npmjs.org/postcss-js/-/postcss-js-4.0.1.tgz",
      "integrity": "sha512-dDLF8pEO191hJMtlHFPRa8xsizHaM82MLfNkUHdUtVEV3tgTp5oj+8qbEqYM57SLfc74KSbw//4SeJma2LRVIw==",
      "dev": true,
      "dependencies": {
        "camelcase-css": "^2.0.1"
      },
      "engines": {
        "node": "^12 || ^14 || >= 16"
      },
      "funding": {
        "type": "opencollective",
        "url": "https://opencollective.com/postcss/"
      },
      "peerDependencies": {
        "postcss": "^8.4.21"
      }
    },
    "node_modules/postcss-load-config": {
      "version": "4.0.1",
      "resolved": "https://registry.npmjs.org/postcss-load-config/-/postcss-load-config-4.0.1.tgz",
      "integrity": "sha512-vEJIc8RdiBRu3oRAI0ymerOn+7rPuMvRXslTvZUKZonDHFIczxztIyJ1urxM1x9JXEikvpWWTUUqal5j/8QgvA==",
      "dev": true,
      "dependencies": {
        "lilconfig": "^2.0.5",
        "yaml": "^2.1.1"
      },
      "engines": {
        "node": ">= 14"
      },
      "funding": {
        "type": "opencollective",
        "url": "https://opencollective.com/postcss/"
      },
      "peerDependencies": {
        "postcss": ">=8.0.9",
        "ts-node": ">=9.0.0"
      },
      "peerDependenciesMeta": {
        "postcss": {
          "optional": true
        },
        "ts-node": {
          "optional": true
        }
      }
    },
    "node_modules/postcss-nested": {
      "version": "6.0.1",
      "resolved": "https://registry.npmjs.org/postcss-nested/-/postcss-nested-6.0.1.tgz",
      "integrity": "sha512-mEp4xPMi5bSWiMbsgoPfcP74lsWLHkQbZc3sY+jWYd65CUwXrUaTp0fmNpa01ZcETKlIgUdFN/MpS2xZtqL9dQ==",
      "dev": true,
      "dependencies": {
        "postcss-selector-parser": "^6.0.11"
      },
      "engines": {
        "node": ">=12.0"
      },
      "funding": {
        "type": "opencollective",
        "url": "https://opencollective.com/postcss/"
      },
      "peerDependencies": {
        "postcss": "^8.2.14"
      }
    },
    "node_modules/postcss-selector-parser": {
      "version": "6.0.13",
      "resolved": "https://registry.npmjs.org/postcss-selector-parser/-/postcss-selector-parser-6.0.13.tgz",
      "integrity": "sha512-EaV1Gl4mUEV4ddhDnv/xtj7sxwrwxdetHdWUGnT4VJQf+4d05v6lHYZr8N573k5Z0BViss7BDhfWtKS3+sfAqQ==",
      "dev": true,
      "dependencies": {
        "cssesc": "^3.0.0",
        "util-deprecate": "^1.0.2"
      },
      "engines": {
        "node": ">=4"
      }
    },
    "node_modules/postcss-value-parser": {
      "version": "4.2.0",
      "resolved": "https://registry.npmjs.org/postcss-value-parser/-/postcss-value-parser-4.2.0.tgz",
      "integrity": "sha512-1NNCs6uurfkVbeXG4S8JFT9t19m45ICnif8zWLd5oPSZ50QnwMfK+H3jv408d4jw/7Bttv5axS5IiHoLaVNHeQ==",
      "dev": true
    },
    "node_modules/queue-microtask": {
      "version": "1.2.3",
      "resolved": "https://registry.npmjs.org/queue-microtask/-/queue-microtask-1.2.3.tgz",
      "integrity": "sha512-NuaNSa6flKT5JaSYQzJok04JzTL1CA6aGhv5rfLW3PgqA+M2ChpZQnAC8h8i4ZFkBS8X5RqkDBHA7r4hej3K9A==",
      "dev": true,
      "funding": [
        {
          "type": "github",
          "url": "https://github.com/sponsors/feross"
        },
        {
          "type": "patreon",
          "url": "https://www.patreon.com/feross"
        },
        {
          "type": "consulting",
          "url": "https://feross.org/support"
        }
      ]
    },
    "node_modules/read-cache": {
      "version": "1.0.0",
      "resolved": "https://registry.npmjs.org/read-cache/-/read-cache-1.0.0.tgz",
      "integrity": "sha512-Owdv/Ft7IjOgm/i0xvNDZ1LrRANRfew4b2prF3OWMQLxLfu3bS8FVhCsrSCMK4lR56Y9ya+AThoTpDCTxCmpRA==",
      "dev": true,
      "dependencies": {
        "pify": "^2.3.0"
      }
    },
    "node_modules/readdirp": {
      "version": "3.6.0",
      "resolved": "https://registry.npmjs.org/readdirp/-/readdirp-3.6.0.tgz",
      "integrity": "sha512-hOS089on8RduqdbhvQ5Z37A0ESjsqz6qnRcffsMU3495FuTdqSm+7bhJ29JvIOsBDEEnan5DPu9t3To9VRlMzA==",
      "dev": true,
      "dependencies": {
        "picomatch": "^2.2.1"
      },
      "engines": {
        "node": ">=8.10.0"
      }
    },
    "node_modules/resolve": {
      "version": "1.22.4",
      "resolved": "https://registry.npmjs.org/resolve/-/resolve-1.22.4.tgz",
      "integrity": "sha512-PXNdCiPqDqeUou+w1C2eTQbNfxKSuMxqTCuvlmmMsk1NWHL5fRrhY6Pl0qEYYc6+QqGClco1Qj8XnjPego4wfg==",
      "dev": true,
      "dependencies": {
        "is-core-module": "^2.13.0",
        "path-parse": "^1.0.7",
        "supports-preserve-symlinks-flag": "^1.0.0"
      },
      "bin": {
        "resolve": "bin/resolve"
      },
      "funding": {
        "url": "https://github.com/sponsors/ljharb"
      }
    },
    "node_modules/reusify": {
      "version": "1.0.4",
      "resolved": "https://registry.npmjs.org/reusify/-/reusify-1.0.4.tgz",
      "integrity": "sha512-U9nH88a3fc/ekCF1l0/UP1IosiuIjyTh7hBvXVMHYgVcfGvt897Xguj2UOLDeI5BG2m7/uwyaLVT6fbtCwTyzw==",
      "dev": true,
      "engines": {
        "iojs": ">=1.0.0",
        "node": ">=0.10.0"
      }
    },
    "node_modules/rollup": {
      "version": "3.28.1",
      "resolved": "https://registry.npmjs.org/rollup/-/rollup-3.28.1.tgz",
      "integrity": "sha512-R9OMQmIHJm9znrU3m3cpE8uhN0fGdXiawME7aZIpQqvpS/85+Vt1Hq1/yVIcYfOmaQiHjvXkQAoJukvLpau6Yw==",
      "dev": true,
      "bin": {
        "rollup": "dist/bin/rollup"
      },
      "engines": {
        "node": ">=14.18.0",
        "npm": ">=8.0.0"
      },
      "optionalDependencies": {
        "fsevents": "~2.3.2"
      }
    },
    "node_modules/run-parallel": {
      "version": "1.2.0",
      "resolved": "https://registry.npmjs.org/run-parallel/-/run-parallel-1.2.0.tgz",
      "integrity": "sha512-5l4VyZR86LZ/lDxZTR6jqL8AFE2S0IFLMP26AbjsLVADxHdhB/c0GUsH+y39UfCi3dzz8OlQuPmnaJOMoDHQBA==",
      "dev": true,
      "funding": [
        {
          "type": "github",
          "url": "https://github.com/sponsors/feross"
        },
        {
          "type": "patreon",
          "url": "https://www.patreon.com/feross"
        },
        {
          "type": "consulting",
          "url": "https://feross.org/support"
        }
      ],
      "dependencies": {
        "queue-microtask": "^1.2.2"
      }
    },
    "node_modules/source-map-js": {
      "version": "1.0.2",
      "resolved": "https://registry.npmjs.org/source-map-js/-/source-map-js-1.0.2.tgz",
      "integrity": "sha512-R0XvVJ9WusLiqTCEiGCmICCMplcCkIwwR11mOSD9CR5u+IXYdiseeEuXCVAjS54zqwkLcPNnmU4OeJ6tUrWhDw==",
      "dev": true,
      "engines": {
        "node": ">=0.10.0"
      }
    },
    "node_modules/sucrase": {
      "version": "3.34.0",
      "resolved": "https://registry.npmjs.org/sucrase/-/sucrase-3.34.0.tgz",
      "integrity": "sha512-70/LQEZ07TEcxiU2dz51FKaE6hCTWC6vr7FOk3Gr0U60C3shtAN+H+BFr9XlYe5xqf3RA8nrc+VIwzCfnxuXJw==",
      "dev": true,
      "dependencies": {
        "@jridgewell/gen-mapping": "^0.3.2",
        "commander": "^4.0.0",
        "glob": "7.1.6",
        "lines-and-columns": "^1.1.6",
        "mz": "^2.7.0",
        "pirates": "^4.0.1",
        "ts-interface-checker": "^0.1.9"
      },
      "bin": {
        "sucrase": "bin/sucrase",
        "sucrase-node": "bin/sucrase-node"
      },
      "engines": {
        "node": ">=8"
      }
    },
    "node_modules/supports-preserve-symlinks-flag": {
      "version": "1.0.0",
      "resolved": "https://registry.npmjs.org/supports-preserve-symlinks-flag/-/supports-preserve-symlinks-flag-1.0.0.tgz",
      "integrity": "sha512-ot0WnXS9fgdkgIcePe6RHNk1WA8+muPa6cSjeR3V8K27q9BB1rTE3R1p7Hv0z1ZyAc8s6Vvv8DIyWf681MAt0w==",
      "dev": true,
      "engines": {
        "node": ">= 0.4"
      },
      "funding": {
        "url": "https://github.com/sponsors/ljharb"
      }
    },
    "node_modules/svelte": {
      "version": "4.2.0",
      "resolved": "https://registry.npmjs.org/svelte/-/svelte-4.2.0.tgz",
      "integrity": "sha512-kVsdPjDbLrv74SmLSUzAsBGquMs4MPgWGkGLpH+PjOYnFOziAvENVzgJmyOCV2gntxE32aNm8/sqNKD6LbIpeQ==",
      "dev": true,
      "dependencies": {
        "@ampproject/remapping": "^2.2.1",
        "@jridgewell/sourcemap-codec": "^1.4.15",
        "@jridgewell/trace-mapping": "^0.3.18",
        "acorn": "^8.9.0",
        "aria-query": "^5.3.0",
        "axobject-query": "^3.2.1",
        "code-red": "^1.0.3",
        "css-tree": "^2.3.1",
        "estree-walker": "^3.0.3",
        "is-reference": "^3.0.1",
        "locate-character": "^3.0.0",
        "magic-string": "^0.30.0",
        "periscopic": "^3.1.0"
      },
      "engines": {
        "node": ">=16"
      }
    },
    "node_modules/svelte-hmr": {
      "version": "0.15.3",
      "resolved": "https://registry.npmjs.org/svelte-hmr/-/svelte-hmr-0.15.3.tgz",
      "integrity": "sha512-41snaPswvSf8TJUhlkoJBekRrABDXDMdpNpT2tfHIv4JuhgvHqLMhEPGtaQn0BmbNSTkuz2Ed20DF2eHw0SmBQ==",
      "dev": true,
      "engines": {
        "node": "^12.20 || ^14.13.1 || >= 16"
      },
      "peerDependencies": {
        "svelte": "^3.19.0 || ^4.0.0"
      }
    },
    "node_modules/tailwindcss": {
      "version": "3.3.3",
      "resolved": "https://registry.npmjs.org/tailwindcss/-/tailwindcss-3.3.3.tgz",
      "integrity": "sha512-A0KgSkef7eE4Mf+nKJ83i75TMyq8HqY3qmFIJSWy8bNt0v1lG7jUcpGpoTFxAwYcWOphcTBLPPJg+bDfhDf52w==",
      "dev": true,
      "dependencies": {
        "@alloc/quick-lru": "^5.2.0",
        "arg": "^5.0.2",
        "chokidar": "^3.5.3",
        "didyoumean": "^1.2.2",
        "dlv": "^1.1.3",
        "fast-glob": "^3.2.12",
        "glob-parent": "^6.0.2",
        "is-glob": "^4.0.3",
        "jiti": "^1.18.2",
        "lilconfig": "^2.1.0",
        "micromatch": "^4.0.5",
        "normalize-path": "^3.0.0",
        "object-hash": "^3.0.0",
        "picocolors": "^1.0.0",
        "postcss": "^8.4.23",
        "postcss-import": "^15.1.0",
        "postcss-js": "^4.0.1",
        "postcss-load-config": "^4.0.1",
        "postcss-nested": "^6.0.1",
        "postcss-selector-parser": "^6.0.11",
        "resolve": "^1.22.2",
        "sucrase": "^3.32.0"
      },
      "bin": {
        "tailwind": "lib/cli.js",
        "tailwindcss": "lib/cli.js"
      },
      "engines": {
        "node": ">=14.0.0"
      }
    },
    "node_modules/thenify": {
      "version": "3.3.1",
      "resolved": "https://registry.npmjs.org/thenify/-/thenify-3.3.1.tgz",
      "integrity": "sha512-RVZSIV5IG10Hk3enotrhvz0T9em6cyHBLkH/YAZuKqd8hRkKhSfCGIcP2KUY0EPxndzANBmNllzWPwak+bheSw==",
      "dev": true,
      "dependencies": {
        "any-promise": "^1.0.0"
      }
    },
    "node_modules/thenify-all": {
      "version": "1.6.0",
      "resolved": "https://registry.npmjs.org/thenify-all/-/thenify-all-1.6.0.tgz",
      "integrity": "sha512-RNxQH/qI8/t3thXJDwcstUO4zeqo64+Uy/+sNVRBx4Xn2OX+OZ9oP+iJnNFqplFra2ZUVeKCSa2oVWi3T4uVmA==",
      "dev": true,
      "dependencies": {
        "thenify": ">= 3.1.0 < 4"
      },
      "engines": {
        "node": ">=0.8"
      }
    },
    "node_modules/to-regex-range": {
      "version": "5.0.1",
      "resolved": "https://registry.npmjs.org/to-regex-range/-/to-regex-range-5.0.1.tgz",
      "integrity": "sha512-65P7iz6X5yEr1cwcgvQxbbIw7Uk3gOy5dIdtZ4rDveLqhrdJP+Li/Hx6tyK0NEb+2GCyneCMJiGqrADCSNk8sQ==",
      "dev": true,
      "dependencies": {
        "is-number": "^7.0.0"
      },
      "engines": {
        "node": ">=8.0"
      }
    },
    "node_modules/ts-interface-checker": {
      "version": "0.1.13",
      "resolved": "https://registry.npmjs.org/ts-interface-checker/-/ts-interface-checker-0.1.13.tgz",
      "integrity": "sha512-Y/arvbn+rrz3JCKl9C4kVNfTfSm2/mEp5FSz5EsZSANGPSlQrpRI5M4PKF+mJnE52jOO90PnPSc3Ur3bTQw0gA==",
      "dev": true
    },
    "node_modules/update-browserslist-db": {
      "version": "1.0.11",
      "resolved": "https://registry.npmjs.org/update-browserslist-db/-/update-browserslist-db-1.0.11.tgz",
      "integrity": "sha512-dCwEFf0/oT85M1fHBg4F0jtLwJrutGoHSQXCh7u4o2t1drG+c0a9Flnqww6XUKSfQMPpJBRjU8d4RXB09qtvaA==",
      "dev": true,
      "funding": [
        {
          "type": "opencollective",
          "url": "https://opencollective.com/browserslist"
        },
        {
          "type": "tidelift",
          "url": "https://tidelift.com/funding/github/npm/browserslist"
        },
        {
          "type": "github",
          "url": "https://github.com/sponsors/ai"
        }
      ],
      "dependencies": {
        "escalade": "^3.1.1",
        "picocolors": "^1.0.0"
      },
      "bin": {
        "update-browserslist-db": "cli.js"
      },
      "peerDependencies": {
        "browserslist": ">= 4.21.0"
      }
    },
    "node_modules/util-deprecate": {
      "version": "1.0.2",
      "resolved": "https://registry.npmjs.org/util-deprecate/-/util-deprecate-1.0.2.tgz",
      "integrity": "sha512-EPD5q1uXyFxJpCrLnCc1nHnq3gOa6DZBocAIiI2TaSCA7VCJ1UJDMagCzIkXNsUYfD1daK//LTEQ8xiIbrHtcw==",
      "dev": true
    },
    "node_modules/vite": {
      "version": "4.4.9",
      "resolved": "https://registry.npmjs.org/vite/-/vite-4.4.9.tgz",
      "integrity": "sha512-2mbUn2LlUmNASWwSCNSJ/EG2HuSRTnVNaydp6vMCm5VIqJsjMfbIWtbH2kDuwUVW5mMUKKZvGPX/rqeqVvv1XA==",
      "dev": true,
      "dependencies": {
        "esbuild": "^0.18.10",
        "postcss": "^8.4.27",
        "rollup": "^3.27.1"
      },
      "bin": {
        "vite": "bin/vite.js"
      },
      "engines": {
        "node": "^14.18.0 || >=16.0.0"
      },
      "funding": {
        "url": "https://github.com/vitejs/vite?sponsor=1"
      },
      "optionalDependencies": {
        "fsevents": "~2.3.2"
      },
      "peerDependencies": {
        "@types/node": ">= 14",
        "less": "*",
        "lightningcss": "^1.21.0",
        "sass": "*",
        "stylus": "*",
        "sugarss": "*",
        "terser": "^5.4.0"
      },
      "peerDependenciesMeta": {
        "@types/node": {
          "optional": true
        },
        "less": {
          "optional": true
        },
        "lightningcss": {
          "optional": true
        },
        "sass": {
          "optional": true
        },
        "stylus": {
          "optional": true
        },
        "sugarss": {
          "optional": true
        },
        "terser": {
          "optional": true
        }
      }
    },
    "node_modules/vitefu": {
      "version": "0.2.4",
      "resolved": "https://registry.npmjs.org/vitefu/-/vitefu-0.2.4.tgz",
      "integrity": "sha512-fanAXjSaf9xXtOOeno8wZXIhgia+CZury481LsDaV++lSvcU2R9Ch2bPh3PYFyoHW+w9LqAeYRISVQjUIew14g==",
      "dev": true,
      "peerDependencies": {
        "vite": "^3.0.0 || ^4.0.0"
      },
      "peerDependenciesMeta": {
        "vite": {
          "optional": true
        }
      }
    },
    "node_modules/wrappy": {
      "version": "1.0.2",
      "resolved": "https://registry.npmjs.org/wrappy/-/wrappy-1.0.2.tgz",
      "integrity": "sha512-l4Sp/DRseor9wL6EvV2+TuQn63dMkPjZ/sp9XkghTEbV9KlPS1xUsZ3u7/IQO4wxtcFB4bgpQPRcR3QCvezPcQ==",
      "dev": true
    },
    "node_modules/yaml": {
      "version": "2.3.1",
      "resolved": "https://registry.npmjs.org/yaml/-/yaml-2.3.1.tgz",
      "integrity": "sha512-2eHWfjaoXgTBC2jNM1LRef62VQa0umtvRiDSk6HSzW7RvS5YtkabJrwYLLEKWBc8a5U2PTSCs+dJjUTJdlHsWQ==",
      "dev": true,
      "engines": {
        "node": ">= 14"
      }
    }
  }
}
